{
  "hash": "c869f000",
  "configHash": "6b857386",
  "lockfileHash": "9a4cc526",
  "browserHash": "2dbf9d92",
  "optimized": {
    "@angular/core": {
      "src": "../../../../../../node_modules/@angular/core/fesm2022/core.mjs",
      "file": "@angular_core.js",
      "fileHash": "80e7fd6d",
      "needsInterop": false
    },
    "@angular/platform-browser": {
      "src": "../../../../../../node_modules/@angular/platform-browser/fesm2022/platform-browser.mjs",
      "file": "@angular_platform-browser.js",
      "fileHash": "fba56c36",
      "needsInterop": false
    },
    "@angular/router": {
      "src": "../../../../../../node_modules/@angular/router/fesm2022/router.mjs",
      "file": "@angular_router.js",
      "fileHash": "223d79a2",
      "needsInterop": false
    }
  },
  "chunks": {
    "chunk-QKOSJ7JN": {
      "file": "chunk-QKOSJ7JN.js"
    },
    "chunk-ICDOO44F": {
      "file": "chunk-ICDOO44F.js"
    }
  }
}